id,token
0,STOP
1,what
2,did
3,the
4,bartender
5,say
6,to
7,jumper
8,cables
9,you
10,better
11,not
12,try
13,start
14,anything
15,dont
16,hate
17,jokes
18,about
19,german
20,sausage
21,theyre
22,wurst
23,two
24,artists
25,had
26,an
27,art
28,contest
29,it
30,ended
31,in
32,a
33,draw
34,why
35,chicken
36,cross
37,playground
38,get
39,other
40,slide
41,gun
42,do
43,use
44,hunt
45,moose
46,moosecut
47,if
48,life
49,gives
50,melons
51,might
52,have
53,dyslexia
54,broken
55,pencils
56,are
57,pointless
58,one
59,snowman
60,smell
61,carrots
62,how
63,many
64,hipsters
65,does
66,take
67,change
68,lightbulb
69,its
70,really
71,obscure
72,number
73,youve
74,probably
75,never
76,heard
77,of
78,where
79,sick
80,boats
81,go
82,dock
83,i
84,like
85,my
86,slaves
87,coffee
88,free
89,girlfriend
90,told
91,me
92,she
93,was
94,leaving
95,because
96,keep
97,pretending
98,be
99,transformer
100,said
101,no
102,wait
103,can
104,old
105,chinese
106,proverb
107,man
108,who
109,shower
110,
111,days
112,makes
113,reek
114,owner
115,brownie
116,factory
117,when
118,his
119,caught
120,fire
121,im
122,getting
123,fudge
124,outta
125,here
126,form
127,radiation
128,bakes
129,cookies
130,gramma
131,ray
132,bee
133,courtesy
134,niece
135,age
136,dry
137,off
138,after
139,swimming
140,beech
141,towel
142,out
143,tangles
144,honeycomb
145,whats
146,loudest
147,economic
148,system
149,capitalism
150,went
151,for
152,job
153,interview
154,today
155,interviewer
156,would
157,your
158,greatest
159,weakness
160,is
161,think
162,id
163,listening
164,skills
165,strength
166,knight
167,that
168,invented
169,round
170,table
171,sir
172,cumference
173,via
174,friend
175,got
176,this
177,from
178,street
179,performance
180,group
181,england
182,area
183,epcot
184,air
185,force
186,eat
187,breakfast
188,during
189,ww
190,luftwaffles
191,shell
192,snail
193,yesterday
194,youd
195,move
196,faster
197,but
198,kinda
199,sluggish
200,zero
201,eight
202,nice
203,belt
204,worse
205,than
206,centipede
207,with
208,sore
209,feet
210,giraffe
211,throat
212,red
213,and
214,bad
215,teeth
216,brick
217,hear
218,french
219,chef
220,committed
221,suicide
222,he
223,lost
224,huile
225,dolive
226,wanna
227,joke
228,unemployed
229,people
230,nevermind
231,they
232,work
233,knock
234,whos
235,there
236,boo
237,cry
238,only
239,much
240,skeleton
241,charge
242,excellent
243,legal
244,services
245,arm
246,leg
247,gorillas
248,such
249,big
250,nostrils
251,cos
252,fingers
253,difference
254,between
255,siberian
256,husky
257,alaskan
258,miles
259,vegan
260,zombies
261,graaaiiinsss
262,thai
263,woman
264,pls
265,help
266,call
267,car
268,eats
269,cars
270,carnivore
271,golfer
272,wear
273,pairs
274,pants
275,case
276,gets
277,hole
278,olympic
279,gymnast
280,walked
281,into
282,bar
283,didnt
284,medal
285,mexican
286,magician
287,make
288,toasttahdahs
289,bond
290,villains
291,feel
292,cold
293,winter
294,dress
295,lairs
296,figurine
297,boot
298,flew
299,past
300,her
301,protective
302,dome
303,cloche
304,carl
305,sagans
306,favorite
307,drink
308,cosmos
309,medical
310,term
311,owning
312,too
313,dogs
314,roverdosehttpiimgurcombtyfysjpg
315,up
316,upwho
317,way
318,robots
319,killer
320,type
321,school
322,sherlock
323,holmes
324,elementary
325,place
326,police
327,searches
328,warranted
329,dalai
330,lama
331,walks
332,pizza
333,store
334,says
335,everything
336,vampire
337,mouthwash
338,bat
339,breath
340,corn
341,complemented
342,aww
343,shucks
344,green
345,grape
346,purple
347,breathe
348,stupid
349,fall
350,break
351,all
352,seasons
353,wanted
354,autumnomy
355,ever
356,someone
357,taylor
358,swift
359,fan
360,ill
361,knew
362,were
363,trouble
364,clocked
365,cow
366,middle
367,road
368,youre
369,driving
370,on
371,steer
372,clear
373,blind
374,legless
375,buck
376,eyedeer
377,edit
378,totally
379,messed
380,please
381,give
382,another
383,chance
384,women
385,has
386,divorce
387,then
388,half
389,depressed
390,thought
391,mode
392,transportation
393,waggin
394,sand
395,dune
396,blush
397,sea
398,weed
399,happened
400,tyrannical
401,peach
402,impeached
403,elephants
404,paint
405,their
406,toenails
407,so
408,hide
409,cherry
410,trees
411,seen
412,elephant
413,tree
414,working
415,firecheif
416,name
417,kids
418,hose
419,b
420,physicist
421,beer
422,ein
423,stein
424,nate
425,as
426,by
427,kid
428,earth
429,planets
430,guys
431,time
432,we
433,ran
434,soap
435,hand
436,sanitizer
437,dirty
438,white
439,stallions
440,fell
441,mud
442,frog
443,times
444,fun
445,having
446,flies
447,boy
448,pencil
449,paper
450,bed
451,curtains
452,before
453,going
454,sleep
455,clean
456,sorority
457,girls
458,travel
459,odd
460,numbered
461,groups
462,cant
463,even
464,hey
465,fatty
466,sombrero
467,sombrerover
468,rainbow
469,reading
470,book
471,antigravity
472,impossible
473,put
474,down
475,given
476,most
477,chickens
478,peggy
479,dr
480,frankenstein
481,lonely
482,hes
483,good
484,at
485,making
486,friends
487,pig
488,karate
489,pork
490,chop
491,doing
492,dressing
493,room
494,changing
495,attire
496,pile
497,ruff
498,terrain
499,prepare
500,party
501,space
502,planet
503,thanks
504,ubostoncentrist
505,octopus
506,stern
507,rebuke
508,ethics
509,committee
510,immediate
511,cessation
512,funding
513,bicycle
514,over
515,twotired
516,bookworms
517,dispute
518,across
519,open
520,until
521,bookworm
522,moves
523,closer
524,well
525,glad
526,same
527,page
528,which
529,kitchen
530,appliance
531,tells
532,best
533,beater
534,cracks
535,everybody
536,jellyroll
537,saw
538,apple
539,turnover
540,q
541,naked
542,clothes
543,protestants
544,want
545,save
546,dime
547,econoclasts
548,dwarves
549,cut
550,little
551,caesars
552,fish
553,hit
554,wall
555,dam
556,icecream
557,used
558,know
559,affogato
560,napoleon
561,armies
562,sleevies
563,makeup
564,beauty
565,omg
566,oh
567,girl
568,cute
569,next
570,morning
571,without
572,ohh
573,god
574,omgomg
575,wife
576,wind
577,fruit
578,bananas
579,vincent
580,van
581,gogh
582,himself
583,joined
584,justice
585,league
586,starry
587,ladder
588,high
589,thing
590,pie
591,kind
592,house
593,stoned
594,loaf
595,bread
596,live
597,rise
598,firecracker
599,duck
600,firequacker
601,bakers
602,biggest
603,fear
604,something
605,arye
606,while
607,raisin
608,hold
609,vin
610,diesel
611,groot
612,d
613,source
614,httpswwwyoutubecomwatchvlvljus
615,everyone
616,trust
617,marsupial
618,troo
619,dermatologist
620,waits
621,month
622,diagnose
623,skin
624,disorder
625,shes
626,reluctant
627,rash
628,decision
629,manhole
630,covers
631,manholes
632,casket
633,coffin
634,hamburger
635,introduce
636,meat
637,patty
638,mathematician
639,tan
640,sincos
641,martians
642,favourite
643,chocolate
644,mars
645,sally
646,explosion
647,everywhere
648,farmer
649,twice
650,day
651,deja
652,moo
653,congratulation
654,new
655,baby
656,family
657,except
658,care
659,agitated
660,buy
661,joyful
662,washing
663,machine
664,sleeping
665,dinosaur
666,dinosnore
667,breaking
668,news
669,energizer
670,bunny
671,arrested
672,charged
673,battery
674,emergency
675,need
676,underwear
677,sister
678,needs
679,some
680,mysterious
681,reason
682,butcher
683,handed
684,customer
685,empty
686,pack
687,hotdogs
688,halloween
689,happy
690,halloweenie
691,february
692,march
693,april
694,may
695,internal
696,temperature
697,tauntaun
698,lukewarm
699,called
700,orbits
701,sun
702,orbyte
703,hundred
704,thirty
705,nine
706,beans
707,bowl
708,bean
709,soup
710,just
711,more
712,twofarty
713,nosey
714,pepper
715,jalapeno
716,business
717,skydiving
718,scares
719,seeingeye
720,dog
721,clark
722,kent
723,altereggos
724,met
725,phil
726,spectors
727,brother
728,crispin
729,head
730,quality
731,control
732,lays
733,william
734,shatners
735,mythical
736,nemesis
737,leprekhaaaaannnnn
738,drums
739,cymbal
740,cliff
741,badum
742,tss
743,mario
744,punchbug
745,bruises
746,likea
747,pots
748,vacation
749,japan
750,year
751,children
752,play
753,game
754,involving
755,touching
756,each
757,gluten
758,tag
759,show
760,myself
761,laptop
762,dumb
763,every
764,password
765,incorrect
766,silly
767,still
768,scarecrow
769,won
770,nobel
771,prize
772,outstanding
773,field
774,httpwwwdadlaughscom
775,stealing
776,supermarket
777,balanced
778,shoulders
779,couple
780,vampires
781,shoplifting
782,counts
783,run
784,around
785,block
786,back
787,under
788,soft
789,sweet
790,marshmallow
791,cicadas
792,stay
793,night
794,chirping
795,irregularly
796,unable
797,cicadan
798,rhythm
799,monk
800,operates
801,door
802,unlocking
803,service
804,monkey
805,ps
806,wonderful
807,terrible
808,love
809,pretend
810,irish
811,st
812,patricks
813,counterfitz
814,dramatic
815,realizations
816,cereal
817,em
818,epiphanies
819,definitions
820,bigamist
821,italian
822,fog
823,myfunsalow
824,am
825,broke
826,innuendo
827,suppository
828,windmills
829,max
830,wondered
831,ball
832,slowly
833,growing
834,larger
835,him
836,documentary
837,jeans
838,riveting
839,goes
840,hahahahahathud
841,laughing
842,homemade
843,poison
844,ivy
845,remedy
846,scratch
847,pear
848,away
849,them
850,bought
851,duckdoo
852,quack
853,batman
854,skipping
855,church
856,christian
857,bail
858,started
859,throw
860,words
861,beginning
862,th
863,dodge
864,see
865,coming
866,tim
867,vine
868,mobster
869,planner
870,could
871,organize
872,crime
873,james
874,haircut
875,barber
876,asked
877,dye
878,hair
879,replied
880,named
881,cat
882,curiosity
883,killed
884,bran
885,commercials
886,awareness
887,bald
888,porcupine
889,thumb
890,meet
891,reddit
892,staring
893,keyboard
894,tryin
895,voila
896,beethovens
897,banananaaaaa
898,mighty
899,fed
900,these
901,sheephuman
902,hybrids
903,ewe
904,plate
905,dinners
906,finger
907,became
908,swollen
909,jammed
910,friday
911,thats
912,found
913,allergic
914,jam
915,sports
916,hows
917,shoestring
918,goin
919,right
920,now
921,tiedup
922,myohmy
923,couldnt
924,find
925,cornylamejokes
926,subreddit
927,skip
928,saucy
929,gave
930,birth
931,decaffeinated
932,doctor
933,hives
934,ears
935,captain
936,picard
937,ear
938,left
939,final
940,front
941,prescribes
942,coke
943,living
944,poptometrist
945,grey
946,melted
947,penguin
948,healthy
949,potato
950,allowed
951,plane
952,fry
953,list
954,production
955,frozen
956,toadaly
957,cool
958,sub
959,ive
960,come
961,realization
962,currently
963,seems
964,quite
965,pickle
966,stand
967,corner
968,normally
969,degrees
970,xtown
971,rolled
972,cart
973,horse
974,manure
975,reported
976,stable
977,condition
978,tuna
979,premium
980,flaked
981,ddmmyy
982,magazines
983,racquetball
984,footwear
985,company
986,tennis
987,shoes
988,also
989,anyone
990,succinct
991,buildup
992,unwieldy
993,actor
994,detained
995,airport
996,security
997,town
998,shoot
999,pilot
1000,llama
1001,picnic
1002,alpaca
1003,lunch
1004,yogoat
1005,casting
1006,movie
1007,ben
1008,affleckted
1009,electronic
1010,device
1011,leaves
1012,behind
1013,lot
1014,glass
1015,pc
1016,seeing
1017,typically
1018,windows
1019,orange
1020,veggieland
1021,peas
1022,hominy
1023,staircase
1024,alright
1025,beef
1026,been
1027,burned
1028,missteak
1029,cows
1030,gossip
1031,herd
1032,through
1033,bovine
1034,great
1035,ukingofribbles
1036,sink
1037,bit
1038,needed
1039,wiping
1040,doesnt
1041,college
1042,million
1043,sheep
1044,legs
1045,cloud
1046,jklmnopqrst
1047,stands
1048,u
1049,original
1050,physics
1051,very
1052,proud
1053,organizing
1054,desk
1055,entropy
1056,ticket
1057,disturbing
1058,chaos
1059,snowmen
1060,standing
1061,jackets
1062,audiophiles
1063,flac
1064,shall
1065,tell
1066,body
1067,snatchers
1068,carried
1069,gravity
1070,always
1071,holding
1072,catholics
1073,guitar
1074,players
1075,common
1076,neither
1077,practice
1078,bike
1079,itself
1080,tired
1081,pbs
1082,wolf
1083,howls
1084,enters
1085,asks
1086,color
1087,printer
1088,cashier
1089,oldie
1090,goldie
1091,stop
1092,charging
1093,bull
1094,credit
1095,card
1096,wawaawaaaa
1097,antennas
1098,roof
1099,married
1100,ceremony
1101,awful
1102,reception
1103,brilliant
1104,or
1105,circles
1106,bells
1107,horns
1108,brown
1109,rhymes
1110,snoop
1111,dre
1112,bird
1113,fly
1114,war
1115,fit
1116,congratulations
1117,weight
1118,buh
1119,dum
1120,mozart
1121,decomposing
1122,whatever
1123,unless
1124,course
1125,donating
1126,blood
1127,papa
1128,butter
1129,troublesome
1130,son
1131,behave
1132,sure
1133,whipped
1134,gym
1135,wants
1136,brew
1137,heiferweizen
1138,squid
1139,laugh
1140,ten
1141,tickles
1142,wolves
1143,drive
1144,auuuuuuuuuuuuudis
1145,milk
1146,dud
1147,american
1148,karl
1149,marx
1150,shrine
1151,dedicated
1152,kami
1153,locomotive
1154,drivers
1155,locomotives
1156,trained
1157,roamin
1158,numeral
1159,redditor
1160,rzelda
1161,boost
1162,link
1163,karma
1164,xpost
1165,rjokes
1166,tin
1167,steamroller
1168,curses
1169,foil
1170,again
1171,straight
1172,pin
1173,confused
1174,look
1175,headed
1176,direction
1177,pointed
1178,astronauts
1179,meal
1180,launch
1181,dead
1182,chemists
1183,barium
1184,tomato
1185,turned
1186,salad
1187,contortionists
1188,angry
1189,usually
1190,pretty
1191,bent
1192,shape
1193,velcro
1194,rip
1195,unlock
1196,monastery
1197,key
1198,ardent
1199,task
1200,searching
1201,wallpaper
1202,running
1203,backgroud
1204,check
1205,corny
1206,yarn
1207,race
1208,joe
1209,jane
1210,weave
1211,selves
1212,obstacles
1213,end
1214,tie
1215,ship
1216,blue
1217,crashed
1218,island
1219,together
1220,survivors
1221,marooned
1222,three
1223,tomatoes
1224,walking
1225,mama
1226,starts
1227,falling
1228,squishes
1229,ketchup
1230,happens
1231,bangladesh
1232,dhaka
1233,oyster
1234,share
1235,pearl
1236,shellfish
1237,humpty
1238,dumpty
1239,lousy
1240,summer
1241,smart
1242,ride
1243,scholar
1244,ships
1245,turn
1246,gold
1247,add
1248,carats
1249,photon
1250,checks
1251,hotel
1252,bellhop
1253,any
1254,luggage
1255,replies
1256,travelling
1257,light
1258,farted
1259,elevator
1260,wrong
1261,levels
1262,rpeterl
1263,language
1264,speak
1265,holland
1266,hollandaise
1267,last
1268,dream
1269,sandy
1270,beach
1271,least
1272,explains
1273,footprints
1274,litter
1275,box
1276,should
1277,bring
1278,pair
1279,trousers
1280,golfing
1281,chill
1282,rpickle
1283,welcomes
1284,newest
1285,ally
1286,due
1287,urge
1288,mods
1289,us
1290,sidebar
1291,fact
1292,ours
1293,cats
1294,storytellers
1295,tale
1296,balloons
1297,genre
1298,music
1299,pop
1300,dolphin
1301,shark
1302,sharks
1303,lacked
1304,porpoise
1305,johnny
1306,mercer
1307,song
1308,december
1309,remind
1310,autumn
1311,comedians
1312,candy
1313,laffy
1314,taffy
1315,theres
1316,guy
1317,office
1318,wearing
1319,full
1320,camo
1321,havent
1322,ghosts
1323,elevators
1324,lifts
1325,spirits
1326,bath
1327,teletubbie
1328,musician
1329,baaaach
1330,bach
1331,mommy
1332,bill
1333,threw
1334,cus
1335,fake
1336,zeroes
1337,instead
1338,cost
1339,pirate
1340,pierced
1341,buccaneer
1342,ghost
1343,poultrygeist
1344,invisible
1345,smells
1346,farts
1347,damn
1348,colds
1349,robbers
1350,easy
1351,catch
1352,shouting
1353,fault
1354,pirates
1355,mean
1356,arrrrrrrrr
1357,watched
1358,chasing
1359,tail
1360,easily
1361,amused
1362,realized
1363,watching
1364,scare
1365,join
1366,support
1367,since
1368,handle
1369,boos
1370,backed
1371,grinder
1372,vegetarian
1373,graaaaaaiiiins
1374,lion
1375,spit
1376,clown
1377,tasted
1378,funny
1379,marie
1380,curies
1381,fitness
1382,program
1383,airwaves
1384,radioactivity
1385,neck
1386,scrub
1387,math
1388,sad
1389,problems
1390,swampdwellers
1391,extraterrestrial
1392,farmers
1393,excel
1394,actually
1395,farming
1396,cheesiest
1397,grate
1398,cheese
1399,shredded
1400,single
1401,vicious
1402,cycle
1403,female
1404,pigs
1405,male
1406,deer
1407,sows
1408,bucks
1409,santa
1410,looking
1411,younger
1412,trying
1413,cheesy
1414,laughtose
1415,intolerant
1416,irony
1417,chemical
1418,symbol
1419,fe
1420,ground
1421,science
1422,wont
1423,reaction
1424,sent
1425,huge
1426,snow
1427,drift
1428,romance
1429,novel
1430,model
1431,let
1432,flabio
1433,geologist
1434,develop
1435,career
1436,expert
1437,sinkholes
1438,bear
1439,rabbit
1440,pooping
1441,woods
1442,problem
1443,poop
1444,sticking
1445,fur
1446,nope
1447,wipes
1448,butt
1449,overheated
1450,lab
1451,experiment
1452,teacher
1453,affect
1454,result
1455,response
1456,degree
1457,sticky
1458,stick
1459,gonna
1460,guess
1461,already
1462,somewhere
1463,wedding
1464,lame
1465,religious
1466,unit
1467,electrical
1468,engineering
1469,ohm
1470,desert
1471,redwood
1472,must
1473,mirage
1474,dismay
1475,collided
1476,obstacle
1477,illusion
1478,bagpiper
1479,kangeroo
1480,poet
1481,mother
1482,theresa
1483,walk
1484,barman
1485,drying
1486,lifted
1487,turkey
1488,thanksgiving
1489,dinner
1490,itll
1491,gobble
1492,romeo
1493,juliet
1494,cantelope
1495,afraid
1496,s
1497,baristas
1498,decafalon
1499,stegosaurus
1500,write
1501,underwater
1502,ballpoint
1503,order
1504,chardaneiiiiiiggghhhhh
1505,bananana
1506,tissue
1507,dance
1508,boogy
1509,knocked
1510,small
1511,donation
1512,towards
1513,local
1514,pool
1515,water
1516,monsters
1517,virginia
1518,pet
1519,shop
1520,state
1521,hampshire
1522,socks
1523,darn
1524,muttered
1525,songs
1526,listens
1527,defunct
1528,funk
1529,walmart
1530,hiding
1531,ugly
1532,fashion
1533,designers
1534,clothesminded
1535,spider
1536,ow
1537,silky
1538,satin
1539,train
1540,grains
1541,whistle
1542,sound
1543,cous
1544,cardboard
1545,waist
1546,horses
1547,mareathon
1548,showers
1549,flowers
1550,pilgrims
1551,moroccan
1552,distributor
1553,fez
1554,dispenser
1555,delays
1556,scales
1557,using
1558,lengthy
1559,pipes
1560,long
1561,weights
1562,allow
1563,fasterthanlight
1564,neutrinos
1565,neutrino
1566,almonds
1567,amonds
1568,cause
1569,hafta
1570,shake
1571,l
1572,constipated
1573,worked
1574,crazy
1575,forest
1576,psychopath
1577,oinkment
1578,gt
1579,exchange
1580,rtumblr
1581,funnier
1582,httpiimgurcomeztbkdjpg
1583,oneeyed
1584,doyouthinkhesarus
1585,whoever
1586,submitted
1587,bears
1588,unthinkable
1589,itheburg
1590,bug
1591,talk
1592,hoarse
1593,sunglasses
1594,youll
1595,proper
1596,shade
1597,brought
1598,computer
1599,decided
1600,techromancer
1601,tuba
1602,plus
1603,fourba
1604,few
1605,parking
1606,meters
1607,pay
1608,toilets
1609,elsa
1610,balloon
1611,grilled
1612,meteor
1613,amazed
1614,kazakhstani
1615,astanashing
1616,skydive
1617,jar
1618,medusas
1619,gorgonzola
1620,dogg
1621,umbrella
1622,drizzle
1623,nizzle
1624,dental
1625,hygienist
1626,retired
1627,years
1628,plaque
1629,made
1630,meeting
1631,site
1632,carbon
1633,dating
1634,parade
1635,rabbits
1636,hopping
1637,backwards
1638,receding
1639,hareline
1640,wrongs
1641,lefts
1642,wrights
1643,library
1644,checked
1645,bloated
1646,appendix
1647,trace
1648,genealogy
1649,discovered
1650,tad
1651,polish
1652,smartest
1653,thesaurus
1654,rex
1655,crack
1656,camping
1657,tents
1658,dianas
1659,diana
1660,indiana
1661,sentence
1662,phrase
1663,arguing
1664,point
1665,sounds
1666,bell
1667,dung
1668,elk
1669,amoosing
1670,hard
1671,though
1672,switzerland
1673,flag
1674,quit
1675,donut
1676,colour
1677,tshirt
1678,win
1679,runs
1680,egyptian
1681,daddy
1682,mummy
1683,strongman
1684,competition
1685,human
1686,lift
1687,pooing
1688,o
1689,burrito
1690,embarrassed
1691,bunch
1692,asian
1693,roaring
1694,pandamonium
1695,rock
1696,nothing
1697,daughter
1698,trump
1699,han
1700,solo
1701,endor
1702,ewoks
1703,faintest
1704,idea
1705,passed
1706,short
1707,pun
1708,hopeless
1709,romainetic
1710,die
1711,peacefully
1712,grandfather
1713,unlike
1714,passengers
1715,screaming
1716,yelling
1717,httpwwwthedailyenglishshowcomfridayjokehowtodie
1718,crossed
1719,cockadoodlemoo
1720,kellogs
1721,brain
1722,tractor
1723,wheres
1724,noeye
1725,proteins
1726,cranky
1727,ol
1728,acids
1729,pachyderm
1730,matter
1731,irrelephant
1732,caterpillars
1733,dogerpillars
1734,invite
1735,boxer
1736,throws
1737,punch
1738,addicted
1739,hokey
1740,pokey
1741,russians
1742,peanuts
1743,torture
1744,soviet
1745,russia
1746,nut
1747,online
1748,log
1749,apparently
1750,vegetables
1751,being
1752,eaten
1753,drown
1754,mine
1755,first
1756,romaine
1757,wrigley
1758,doublemint
1759,orbit
1760,cnn
1761,latest
1762,gum
1763,legislation
1764,sodium
1765,na
1766,knows
1767,cantaloupe
1768,alligator
1769,satisfy
1770,lover
1771,reptile
1772,dysfunction
1773,persons
1774,fast
1775,food
1776,joint
1777,taco
1778,braille
1779,preacher
1780,star
1781,wars
1782,sermon
1783,illustration
1784,felt
1785,forced
1786,stepped
1787,wine
1788,giraffes
1789,necks
1790,heads
1791,far
1792,bodies
1793,parrot
1794,carrot
1795,panda
1796,crying
1797,bambooboo
1798,aonther
1799,thor
1800,insomnia
1801,loki
1802,eggs
1803,raskreddit
1804,thread
1805,thousands
1806,httpwwwredditcomraskredditcommentszrotpwhatsthebestcleanjokeyouknow
1807,chemistry
1808,student
1809,once
1810,lazy
1811,students
1812,lucky
1813,sod
1814,periodically
1815,swinestein
1816,ahabs
1817,crew
1818,highly
1819,efficient
1820,sailors
1821,whale
1822,oiled
1823,tune
1824,piano
1825,guessed
1826,bulls
1827,india
1828,petition
1829,sc
1830,asking
1831,classify
1832,jallikatu
1833,nasa
1834,finding
1835,bones
1836,moon
1837,yeahthe
1838,eyes
1839,closed
1840,cleaning
1841,mirrors
1842,eye
1843,kidnapping
1844,delaware
1845,worry
1846,eventually
1847,woke
1848,animal
1849,hitting
1850,baseball
1851,beat
1852,fight
1853,armed
1854,remember
1855,uncle
1856,flying
1857,houses
1858,talking
1859,looks
1860,miss
1861,muffet
1862,gps
1863,tuffet
1864,losing
1865,whey
1866,obese
1867,psychic
1868,works
1869,bank
1870,four
1871,chin
1872,teller
1873,doctors
1874,hurt
1875,several
1876,places
1877,lay
1878,egg
1879,quoted
1880,babies
1881,gastroenterologists
1882,passion
1883,components
1884,ones
1885,stomach
1886,intestine
1887,serve
1888,orders
1889,tachyon
1890,pierce
1891,tv
1892,channel
1893,popes
1894,speeches
1895,papal
1896,view
1897,grounds
1898,celebrating
1899,slice
1900,chess
1901,stale
1902,mate
1903,perseid
1904,shouldnt
1905,clock
1906,termination
1907,landed
1908,kill
1909,frenchman
1910,sandals
1911,philippe
1912,philoppe
1913,truthful
1914,piece
1915,fax
1916,melon
1917,turns
1918,letters
1919,uturns
1920,fixed
1921,typo
1922,cpu
1923,megahertz
1924,moos
1925,owl
1926,missing
1927,hungarian
1928,annoying
1929,budapest
1930,thinking
1931,ways
1932,become
1933,transgender
1934,figured
1935,paris
1936,abroad
1937,plan
1938,destroy
1939,superman
1940,lure
1941,crypt
1942,tonight
1943,steak
1944,concert
1945,tickets
1946,cent
1947,feat
1948,nickelback
1949,p
1950,files
1951,husband
1952,citing
1953,puns
1954,true
1955,strong
1956,camp
1957,soda
1958,barqs
1959,root
1960,aged
1961,picture
1962,steps
1963,tears
1964,regrets
1965,replacing
1966,oc
1967,dragon
1968,smoke
1969,seaweed
1970,relationship
1971,statue
1972,anywhere
1973,weigh
1974,forgot
1975,boomerang
1976,estonian
1977,class
1978,finnish
1979,dodges
1980,delivery
1981,indian
1982,restaurant
1983,curryer
1984,spice
1985,rack
1986,thrown
1987,waste
1988,thyme
1989,potatoes
1990,hashtag
1991,flu
1992,swine
1993,tweetment
1994,lose
1995,tails
1996,retail
1997,opposite
1998,photographic
1999,memory
2000,potatographic
2001,vegetable
2002,band
2003,beet
2004,spy
2005,wasnt
2006,side
2007,week
2008,novelist
2009,both
2010,magnitude
2011,vector
2012,hugo
2013,plumber
2014,finally
2015,crap
2016,sorry
2017,isnt
2018,heh
2019,sailor
2020,wholesaler
2021,effeminate
2022,dwarf
2023,metrognome
2024,drew
2025,eyebrows
2026,looked
2027,surprised
2028,jihadist
2029,loves
2030,tryptophanatic
2031,dentists
2032,celebrate
2033,kittens
2034,meowtain
2035,arcade
2036,eastern
2037,europe
2038,czechecheese
2039,monopoly
2040,chances
2041,afford
2042,mortgage
2043,haunted
2044,repossessed
2045,sex
2046,entailed
2047,ramifications
2048,dancers
2049,wooden
2050,caves
2051,echosystems
2052,yearold
2053,fifth
2054,tense
2055,fsh
2056,ihop
2057,ask
2058,hangin
2059,grammar
2060,learnt
2061,sesame
2062,yellow
2063,hamburglars
2064,accomplice
2065,hamburglar
2066,helpler
2067,suckers
2068,licked
2069,joining
2070,gainesborough
2071,those
2072,gains
2073,bro
2074,none
2075,flys
2076,mind
2077,hits
2078,windshield
2079,fairground
2080,iron
2081,ferrous
2082,wheel
2083,bulimic
2084,sycamore
2085,lobster
2086,upset
2087,crabby
2088,ointment
2089,politics
2090,confronted
2091,topical
2092,rule
2093,ownership
2094,watch
2095,step
2096,hill
2097,ba
2098,ching
2099,grow
2100,will
2101,aaaah
2102,hurts
2103,pollen
2104,count
2105,difficult
2106,milton
2107,jones
2108,cowgirl
2109,pony
2110,ink
2111,kept
2112,pen
2113,young
2114,national
2115,child
2116,else
2117,remembered
2118,either
2119,spanish
2120,firemen
2121,jose
2122,types
2123,world
2124,extrapolate
2125,incomplete
2126,data
2127,flat
2128,follicle
2129,hands
2130,graphs
2131,obsessed
2132,calmed
2133,gotta
2134,line
2135,cowboy
2136,purchase
2137,audi
2138,tips
2139,hat
2140,garbage
2141,men
2142,hefty
2143,contracts
2144,dolphins
2145,accident
2146,milking
2147,stool
2148,udder
2149,mop
2150,rapper
2151,visit
2152,urologist
2153,flows
2154,gray
2155,fedora
2156,mosquito
2157,mlaria
2158,scratching
2159,hours
2160,ago
2161,audio
2162,brand
2163,sh
2164,died
2165,worlds
2166,pond
2167,locked
2168,held
2169,apples
2170,alrighty
2171,loads
2172,sweets
2173,pass
2174,lamp
2175,manager
2176,thieves
2177,stole
2178,lightbulbs
2179,delighted
2180,scrooges
2181,drinking
2182,dickens
2183,cogito
2184,ergo
2185,spud
2186,therefore
2187,yam
2188,part
2189,twenty
2190,wheels
2191,incontinent
2192,yeah
2193,wet
2194,nearly
2195,nation
2196,poor
2197,bold
2198,innovative
2199,departure
2200,hackneyed
2201,stereotypes
2202,often
2203,dominate
2204,joketelling
2205,industry
2206,nose
2207,nobody
2208,ancient
2209,egyptians
2210,loved
2211,books
2212,built
2213,stuff
2214,reads
2215,bloopersi
2216,humor
2217,video
2218,randomly
2219,httpwwwyoutubecomwatchvxvgkbmkakampfeaturerelated
2220,weirdos
2221,bicycles
2222,psychopaths
2223,coworkers
2224,wives
2225,bouqet
2226,ropes
2227,forgetmeknots
2228,hippo
2229,zippo
2230,heavy
2231,lighter
2232,circus
2233,carnyvore
2234,limited
2235,whyd
2236,mobius
2237,strip
2238,sold
2239,huh
2240,strange
2241,done
2242,longest
2243,word
2244,english
2245,smiles
2246,mile
2247,cowculator
2248,sparrow
2249,hang
2250,dude
2251,chicago
2252,illinois
2253,colonel
2254,mustards
2255,maid
2256,phoneticallyish
2257,misser
2258,dijon
2259,accidentally
2260,buried
2261,alive
2262,grave
2263,mistake
2264,woohoo
2265,pengrin
2266,idiot
2267,monocles
2268,spectacles
2269,themselves
2270,drop
2271,coal
2272,minor
2273,forget
2274,tip
2275,waitress
2276,preparing
2277,playing
2278,volleyball
2279,set
2280,aquarium
2281,battle
2282,giant
2283,tanks
2284,vest
2285,investigator
2286,quacktor
2287,herself
2288,flounder
2289,pterodactyl
2290,restroom
2291,silent
2292,starting
2293,selling
2294,halos
2295,overheads
2296,team
2297,uniforms
2298,jersey
2299,programmers
2300,tend
2301,byte
2302,guards
2303,samsung
2304,guardians
2305,galaxy
2306,tomorrow
2307,cruise
2308,mexico
2309,diving
2310,board
2311,broad
2312,aboard
2313,topic
2314,evidence
2315,arent
2316,supporting
2317,mix
2318,michael
2319,jordan
2320,donald
2321,dunkin
2322,hungry
2323,second
2324,meowtin
2325,frogs
2326,breaks
2327,toad
2328,assaulted
2329,bathroom
2330,european
2331,ion
2332,electron
2333,clerk
2334,askedare
2335,yes
2336,positivevcn
2337,crisis
2338,gorilla
2339,google
2340,connects
2341,internet
2342,eyefi
2343,kurd
2344,bury
2345,collection
2346,tribesman
2347,isil
2348,approaching
2349,yazidis
2350,mallard
2351,waddled
2352,shouldve
2353,ducked
2354,wawas
2355,interstate
2356,east
2357,whoa
2358,wawa
2359,west
2360,roast
2361,pea
2362,yo
2363,dad
2364,moment
2365,skips
2366,bale
2367,social
2368,media
2369,platform
2370,designed
2371,speech
2372,impediments
2373,faithbook
2374,moving
2375,shanghai
2376,shangbye
2377,create
2378,skelleton
2379,pint
2380,fortune
2381,calluses
2382,super
2383,callused
2384,fragile
2385,mystic
2386,hexed
2387,halitosis
2388,promoted
2389,blew
2390,roommates
2391,seriously
2392,follow
2393,led
2394,roll
2395,coupe
2396,doors
2397,itd
2398,sedan
2399,lean
2400,greyed
2401,horrible
2402,took
2403,bubbles
2404,swim
2405,salt
2406,sneeze
2407,siri
2408,iphones
2409,carrying
2410,ipod
2411,shuffles
2412,ipods
2413,sing
2414,isurfer
2415,ipad
2416,mini
2417,juice
2418,fired
2419,concentrate
2420,wrote
2421,reverse
2422,psychology
2423,read
2424,apricot
2425,late
2426,stuck
2427,passwords
2428,abcdef
2429,opened
2430,explorer
2431,storm
2432,beneath
2433,thunderwear
2434,king
2435,cottage
2436,bullet
2437,home
2438,graaaains
2439,economics
2440,lecturer
2441,prof
2442,rcleanjokes
2443,k
2444,subscribers
2445,metrics
2446,total
2447,rank
2448,milestones
2449,amp
2450,growth
2451,httpredditmetricscomrcleanjokes
2452,rope
2453,timeout
2454,knotty
2455,mathematicians
2456,stare
2457,roots
2458,negative
2459,numbers
2460,square
2461,outside
2462,forrest
2463,gumps
2464,pasta
2465,penne
2466,universe
2467,attend
2468,university
2469,smith
2470,search
2471,fresh
2472,prints
2473,squirrel
2474,telephone
2475,wire
2476,safe
2477,paula
2478,deens
2479,insect
2480,butterfly
2481,antelope
2482,consider
2483,tony
2484,stark
2485,protagonist
2486,cited
2487,anthony
2488,hero
2489,firstborn
2490,prince
2491,autobot
2492,overpriced
2493,mall
2494,ulta
2495,magnus
2496,russian
2497,dolls
2498,father
2499,grows
2500,cooks
2501,third
2502,spoke
2503,mailman
2504,mail
2505,truck
2506,address
2507,situation
2508,bars
2509,ate
2510,diabetes
2511,maybe
2512,cannibals
2513,clowns
2514,taste
2515,protons
2516,mass
2517,gtyes
2518,catholic
2519,thud
2520,loud
2521,rubber
2522,toe
2523,roberto
2524,wave
2525,arms
2526,mooooooooooooooooooo
2527,wonton
2528,ton
2529,thatd
2530,wantonly
2531,saitama
2532,tried
2533,facebook
2534,goku
2535,weak
2536,spied
2537,pt
2538,boomerwrong
2539,intentions
2540,nihilists
2541,screw
2542,snowball
2543,shooting
2544,hop
2545,boiling
2546,pot
2547,stewicide
2548,pact
2549,hanging
2550,shops
2551,espresso
2552,yourself
2553,post
2554,corduroy
2555,pillowcase
2556,headlines
2557,mineshaft
2558,miner
2559,land
2560,website
2561,glasses
2562,blurry
2563,erase
2564,marker
2565,bored
2566,tailpipe
2567,muffler
2568,exhausted
2569,mmmmbfmbm
2570,cal
2571,extreme
2572,mood
2573,swings
2574,bipolar
2575,sell
2576,adjust
2577,inflation
2578,anorexic
2579,twins
2580,birds
2581,stone
2582,invest
2583,bakeries
2584,rate
2585,disability
2586,curse
2587,radical
2588,interpretation
2589,scripture
2590,welcome
2591,gummy
2592,barely
2593,amusing
2594,japanese
2595,snakes
2596,pick
2597,hebi
2598,priest
2599,minister
2600,pages
2601,petes
2602,sake
2603,guts
2604,crabs
2605,charities
2606,broker
2607,interest
2608,buddy
2609,hacker
2610,quiz
2611,beatles
2612,describes
2613,answer
2614,viii
2615,hans
2616,perpetually
2617,y
2618,prom
2619,arctic
2620,circle
2621,came
2622,expecting
2623,mildly
2624,disappointed
2625,wombat
2626,wom
2627,wash
2628,clips
2629,rubbing
2630,alcohol
2631,season
2632,protect
2633,catching
2634,terminal
2635,illness
2636,saus
2637,careful
2638,ingesting
2639,laced
2640,knife
2641,loaves
2642,calling
2643,cleaver
2644,armadillo
2645,dillos
2646,x
2647,z
2648,conversation
2649,swam
2650,heart
2651,attack
2652,worst
2653,possible
2654,charades
2655,boat
2656,steal
2657,drunk
2658,kane
2659,tunas
2660,city
2661,albacoreque
2662,denim
2663,denimhttpwwwyoutubecomwatchvcsuimuoshi
2664,cop
2665,wake
2666,napping
2667,discussed
2668,buddhist
2669,hotdog
2670,vendor
2671,cell
2672,phone
2673,tends
2674,pancakes
2675,anakin
2676,skywalkers
2677,originally
2678,hasnt
2679,yet
2680,atmosphere
2681,grocery
2682,drove
2683,synonym
2684,kirk
2685,center
2686,jim
2687,shorts
2688,lawyer
2689,probono
2690,fruitpicker
2691,wisconsin
2692,cherryatric
2693,spilled
2694,milkshake
2695,poodle
2696,knick
2697,knack
2698,paddy
2699,whack
2700,bonopoly
2701,similar
2702,streets
2703,mary
2704,lamb
2705,anymore
2706,keeps
2707,suits
2708,clauset
2709,date
2710,klaustrophobic
2711,freak
2712,con
2713,okay
2714,townspeople
2715,react
2716,mayor
2717,presented
2718,protein
2719,chiad
2720,hp
2721,lovecraft
2722,cookbook
2723,necronomnomnomicon
2724,leery
2725,stairs
2726,calculating
2727,install
2728,lights
2729,ballpark
2730,estimate
2731,perfect
2732,horror
2733,quija
2734,rated
2735,hoping
2736,sadly
2737,xs
2738,terrifying
2739,hallucination
2740,sawdust
2741,stingy
2742,herbs
2743,parsleymonious
2744,friendliest
2745,ohio
2746,classic
2747,somebody
2748,noodle
2749,impasta
2750,engineers
2751,personality
2752,earing
2753,seven
2754,person
2755,alphabet
2756,grandpa
2757,five
2758,porcel
2759,lane
2760,country
2761,jamboree
2762,asinging
2763,disney
2764,martinis
2765,garnish
2766,olive
2767,master
2768,bride
2769,chech
2770,bag
2771,chips
2772,quick
2773,snack
2774,others
2775,cargo
2776,leave
2777,bay
2778,freight
2779,ahab
2780,harpooned
2781,whales
2782,fin
2783,fluke
2784,steals
2785,sneaker
2786,played
2787,throwback
2788,thursday
2789,rebecca
2790,black
2791,passing
2792,epileptic
2793,lettuce
2794,seizure
2795,republishing
2796,simple
2797,mathematics
2798,study
2799,guide
2800,revised
2801,edition
2802,revise
2803,addition
2804,sock
2805,howd
2806,foot
2807,baker
2808,loafers
2809,cattleacs
2810,redbox
2811,consulted
2812,groceries
2813,bacon
2814,scrambled
2815,leggs
2816,fisherman
2817,florida
2818,jawed
2819,rows
2820,razor
2821,gar
2822,brothers
2823,transsisters
2824,darth
2825,vader
2826,christmas
2827,presents
2828,hippie
2829,jew
2830,ham
2831,define
2832,obvious
2833,giveaway
2834,wreath
2835,dollar
2836,bills
2837,attached
2838,aretha
2839,franklin
2840,c
2841,roads
2842,spectres
2843,theme
2844,park
2845,attraction
2846,roller
2847,ghoster
2848,robert
2849,e
2850,lee
2851,voted
2852,likely
2853,secede
2854,offspring
2855,mummies
2856,desiccated
2857,cup
2858,aka
2859,cafe
2860,barhttpwwwgettyimagescomdetailphotofriendsatcafebarhighresstockphotography
2861,treefrogs
2862,stories
2863,attention
2864,grabbing
2865,absolutely
2866,ribbeting
2867,immigraint
2868,minds
2869,gutter
2870,quadriplegic
2871,golfers
2872,bulb
2873,famous
2874,born
2875,pebble
2876,wish
2877,boulder
2878,lives
2879,multiply
2880,dublin
2881,buffalo
2882,bison
2883,jamaican
2884,jerks
2885,yall
2886,professional
2887,jumproper
2888,victims
2889,surrounded
2890,boxes
2891,cornflakes
2892,suspect
2893,serial
2894,wifi
2895,signal
2896,shakespeare
2897,escargot
2898,deal
2899,sail
2900,socialism
2901,comes
2902,sahara
2903,sovietera
2904,shortages
2905,finish
2906,buns
2907,tarbucks
2908,holes
2909,grandpas
2910,httpswwwyoutubecomwatchvrqegaidmm
2911,consuming
2912,seconds
2913,comedy
2914,clubs
2915,posthumorously
2916,crocodile
2917,cartridge
2918,snapshot
2919,learn
2920,ice
2921,cream
2922,sundae
2923,rockets
2924,lawyers
2925,court
2926,lawsuits
2927,opens
2928,fart
2929,tutor
2930,references
2931,puts
2932,majors
2933,geology
2934,astronomy
2935,rockstar
2936,rang
2937,builder
2938,stopping
2939,ribbithttpswwwyoutubecomwatchvcykdxsahlkg
2940,rhino
2941,ell
2942,wot
2943,stock
2944,options
2945,leopard
2946,spots
2947,roman
2948,empire
2949,hot
2950,duh
2951,tsst
2952,outloud
2953,grade
2954,iirc
2955,our
2956,httpwwwredditcomrpicklecommentsaxgnextattackforourentirearmymarchthat
2957,muenster
2958,lipstick
2959,rare
2960,lovecrafts
2961,cook
2962,rehab
2963,hopped
2964,easter
2965,yoda
2966,lady
2967,yodeling
2968,parents
2969,yours
2970,nacho
2971,reinventing
2972,httpdryinginsideblogspotcomreinventingyourselfdoesntalwaysworkhtml
2973,macho
2974,randy
2975,savage
2976,belong
2977,gtnacho
2978,content
2979,farm
2980,neighboars
2981,gordans
2982,football
2983,ramsays
2984,mildew
2985,scrubbing
2986,choose
2987,major
2988,jobs
2989,booger
2990,dictionary
2991,dinosaurs
2992,velociraptured
2993,pokemon
2994,pikachoo
2995,studied
2996,norse
2997,literature
2998,eddacated
2999,instrument
3000,plays
3001,cello
3002,cellist
3003,wings
3004,crappy
3005,abby
3006,stolen
3007,wallet
3008,self
3009,celebrity
3010,creating
3011,probate
3012,documents
3013,doubleamputee
3014,lacktoes
3015,banana
3016,peels
3017,slipper
3018,exams
3019,zoo
3020,cheetahs
3021,wrapped
3022,barcode
3023,item
3024,bags
3025,buying
3026,kraft
3027,mac
3028,kleenex
3029,boogie
3030,playback
3031,craziness
3032,adrienne
3033,hedgerhttpswwwfacebookcomhedgerhumorphotospbtypeamptheater
3034,twitter
3035,account
3036,announcing
3037,random
3038,followers
3039,cops
3040,addiction
3041,penguins
3042,britain
3043,wales
3044,acronym
3045,ralshmicomn
3046,rolling
3047,stab
3048,juggler
3049,retailers
3050,adopt
3051,penny
3052,literally
3053,cents
3054,earrings
3055,window
3056,private
3057,prune
3058,weve
3059,competing
3060,podiatrists
3061,offices
3062,arch
3063,enemies
3064,spelling
3065,currency
3066,question
3067,marks
3068,fat
3069,harry
3070,houdini
3071,jack
3072,urinate
3073,bonesetter
3074,cairopractor
3075,fitter
3076,pantyhose
3077,yep
3078,deezll
3079,uncanny
3080,tainted
3081,money
3082,taint
3083,resuscitates
3084,chokes
3085,la
3086,chaimlich
3087,maneuver
3088,minimalists
3089,baked
3090,captivity
3091,river
3092,feathers
3093,teachers
3094,nickname
3095,flush
3096,suit
3097,dish
3098,lebron
3099,curry
3100,understand
3101,binary
3102,code
3103,law
3104,nordic
3105,countries
3106,flags
3107,plusses
3108,picards
3109,sewing
3110,repairman
3111,sew
3112,likes
3113,f
3114,racist
3115,fuzzy
3116,falls
3117,wagon
3118,camper
3119,sweetest
3120,games
3121,masahiro
3122,saccharide
3123,dropped
3124,scrabble
3125,anyway
3126,potter
3127,cooking
3128,rfantasy
3129,cauldron
3130,chewed
3131,imagine
3132,zoidbergs
3133,voice
3134,poker
3135,jungle
3136,ernie
3137,bert
3138,tank
3139,top
3140,gangster
3141,tube
3142,strapless
3143,fret
3144,released
3145,programming
3146,recruiters
3147,immediately
3148,posting
3149,ads
3150,experience
3151,rooster
3152,roosters
3153,twitch
3154,jerky
3155,naming
3156,remote
3157,waldo
3158,reasons
3159,platypus
3160,owned
3161,billed
3162,magic
3163,orphans
3164,necromomicon
3165,nor
3166,penglose
3167,unique
3168,lions
3169,savannah
3170,elefence
3171,story
3172,pikmin
3173,olimart
3174,literal
3175,bonnie
3176,tyler
3177,satnav
3178,telling
3179,apart
3180,headless
3181,horseman
3182,seem
3183,ahead
3184,minutes
3185,fame
3186,heres
3187,surprise
3188,calendar
3189,dates
3190,foreveralone
3191,sean
3192,connery
3193,arrive
3194,wimbledon
3195,tennish
3196,knockknock
3197,judge
3198,framed
3199,agnostic
3200,tossed
3201,wondering
3202,woodrow
3203,wilson
3204,jokefirst
3205,frank
3206,sinatra
3207,record
3208,speed
3209,shrank
3210,hitler
3211,shoelaces
3212,knotsies
3213,oak
3214,shady
3215,discounted
3216,zuckerberg
3217,marked
3218,floor
3219,drawers
3220,sitting
3221,toilet
3222,seat
3223,pissed
3224,chew
3225,scientists
3226,scientist
3227,teach
3228,speaking
3229,later
3230,returns
3231,woof
3232,conartist
3233,minored
3234,sigmund
3235,fraud
3236,muscle
3237,hamstring
3238,unbreathable
3239,hammer
3240,drill
3241,boring
3242,blame
3243,shelf
3244,passive
3245,smoking
3246,smoker
3247,traffic
3248,sings
3249,fridge
3250,elvis
3251,parsley
3252,jackie
3253,chans
3254,wata
3255,pelican
3256,camel
3257,alaska
3258,emails
3259,nigeria
3260,pharaoh
3261,pyramid
3262,scheme
3263,deprecating
3264,humour
3265,shame
3266,dentist
3267,tooth
3268,hurty
3269,xd
3270,doorbell
3271,technician
3272,mr
3273,hed
3274,cannellini
3275,septimber
3276,tritip
3277,rome
3278,split
3279,washington
3280,rain
3281,washed
3282,weird
3283,hearts
3284,honey
3285,romans
3286,v
3287,south
3288,travelers
3289,font
3290,askreddit
3291,amusement
3292,httpenredditcomraskredditcommentsauxsfwhataresomefunnyscientificjokesthatyouknow
3293,cinderella
3294,basketball
3295,freshener
3296,scents
3297,freddy
3298,mercury
3299,metal
3300,serves
3301,smelly
3302,drinks
3303,fartender
3304,geometry
3305,classes
3306,geomeforest
3307,keen
3308,feeling
3309,cheer
3310,unfortunately
3311,artificial
3312,faux
3313,paws
3314,plagiarism
3315,host
3316,guests
3317,simpsons
3318,marathon
3319,disco
3320,stew
3321,mechanic
3322,fssshhh
3323,tricks
3324,labracadabrador
3325,bruce
3326,lees
3327,wah
3328,tahh
3329,parts
3330,voldemort
3331,disarmed
3332,defeated
3333,officer
3334,robot
3335,fueled
3336,alkaline
3337,enough
3338,contributions
3339,humblebee
3340,vulcan
3341,lawnmower
3342,function
3343,spock
3344,plug
3345,opossum
3346,exaggerate
3347,ducks
3348,stomp
3349,fires
3350,flaming
3351,midget
3352,prison
3353,medium
3354,large
3355,hairdressers
3356,oath
3357,harm
3358,primary
3359,proved
3360,merely
3361,pigment
3362,imagination
3363,warm
3364,healthier
3365,turbans
3366,sikh
3367,above
3368,shin
3369,sucks
3370,mucus
3371,noseferatu
3372,wears
3373,leather
3374,bondage
3375,inked
3376,moleskine
3377,glue
3378,koalas
3379,actual
3380,koalafications
3381,frankensteins
3382,bodybuilder
3383,objects
3384,demetri
3385,martin
3386,onesided
3387,coco
3388,garage
3389,wouldnt
3390,jazz
3391,gerald
3392,drum
3393,shaped
3394,sofas
3395,dollars
3396,percushion
3397,jumping
3398,barbed
3399,fence
3400,utter
3401,destruction
3402,denims
3403,different
3404,genes
3405,knee
3406,slap
3407,colorblind
3408,constipation
3409,plant
3410,uses
3411,silk
3412,worms
3413,escaped
3414,erascist
3415,aircraft
3416,unpainted
3417,smooth
3418,plain
3419,planed
3420,denver
3421,broncos
3422,metlife
3423,stadium
3424,things
3425,czech
3426,republic
3427,cash
3428,begins
3429,ends
3430,letter
3431,envelope
3432,beethoven
3433,rid
3434,packaged
3435,onion
3436,scallion
3437,recently
3438,goatherd
3439,curt
3440,n
3441,rod
3442,pillow
3443,bottom
3444,stopped
3445,functioning
3446,resolution
3447,hidef
3448,cactus
3449,homework
3450,cactilator
3451,ovens
3452,routine
3453,deadpan
3454,floating
3455,cactussssssssssssssssssss
3456,linuxmint
3457,lts
3458,newer
3459,versions
3460,pavlovs
3461,classical
3462,conditioning
3463,slab
3464,covered
3465,cured
3466,trash
3467,raccoonteur
3468,megabyteswe
3469,gotten
3470,gig
3471,thrusting
3472,hairy
3473,mouth
3474,afterwards
3475,spitting
3476,liquid
3477,brushing
3478,bright
3479,turtle
3480,nearest
3481,station
3482,formation
3483,geese
3484,flight
3485,longer
3486,r
3487,native
3488,drank
3489,cups
3490,tea
3491,pee
3492,hornless
3493,horn
3494,porcupines
3495,leapfrog
3496,carefully
3497,general
3498,saiyans
3499,episodes
3500,bunnies
3501,forward
3502,hare
3503,criticizing
3504,pacman
3505,waka
3506,kidnapped
3507,iraq
3508,baghdad
3509,six
3510,cannot
3511,dishes
3512,laundry
3513,folded
3514,transit
3515,anubis
3516,unlawful
3517,illegal
3518,against
3519,brief
3520,chase
3521,near
3522,neighbor
3523,naybor
3524,pessimist
3525,termite
3526,pub
3527,tender
3528,velcrows
3529,vinegar
3530,suffer
3531,pickled
3532,hearing
3533,recycled
3534,sodapressed
3535,carey
3536,driveway
3537,cleveland
3538,rocks
3539,inches
3540,branson
3541,missouri
3542,caters
3543,senior
3544,citizens
3545,incontinental
3546,jooooooooooooooooooooooooooooooooooooooooooooooooooooooooooooooooooooooooooooooooooooke
3547,ocean
3548,waved
3549,abcdefghijkmnopqrstuvwxyz
3550,noel
3551,ceiling
3552,definitely
3553,hula
3554,hoop
3555,remove
3556,ditch
3557,dubious
3558,spaghetto
3559,however
3560,thishttpwwwredditcomrfunnycommentsxdpkthegaydarclnkep
3561,kicked
3562,fowl
3563,plains
3564,pride
3565,goeth
3566,economist
3567,fair
3568,goer
3569,prostitute
3570,slept
3571,tiles
3572,grout
3573,montana
3574,barista
3575,overfill
3576,chamomile
3577,beautiful
3578,construction
3579,gamers
3580,garden
3581,skill
3582,dances
3583,wildly
3584,cane
3585,idealist
3586,vegetarians
3587,parties
3588,pitcher
3589,filled
3590,margaritas
3591,chains
3592,truuuuuuuuuuumoooooooooooooooooo
3593,trip
3594,ants
3595,takes
3596,flick
3597,wrist
3598,pro
3599,gay
3600,amateur
3601,rights
3602,leek
3603,negi
3604,double
3605,standards
3606,surgeon
3607,patient
3608,suture
3609,kinds
3610,peanut
3611,flop
3612,talent
3613,tentacles
3614,moovies
3615,schizophrenic
3616,accounts
3617,invoices
3618,inside
3619,galaxies
3620,shows
3621,separated
3622,lackcluster
3623,special
3624,species
3625,rotten
3626,banned
3627,infeggtious
3628,enjoy
3629,hamburgers
3630,mooooovies
3631,puppy
3632,committing
3633,murder
3634,pawsable
3635,deniability
3636,jealous
3637,zombie
3638,ubiquitous
3639,commontater
3640,ltpgt
3641,grain
3642,profanity
3643,vulgar
3644,wheat
3645,puffin
3646,pillsbury
3647,doughboy
3648,limp
3649,biscuit
3650,prefer
3651,disease
3652,owns
3653,taser
3654,stunning
3655,neutron
3656,dust
3657,blushing
3658,ambidextrous
3659,admire
3660,dedication
3661,raidoactivity
3662,hootonium
3663,congressmen
3664,theyve
3665,changed
3666,eileen
3667,perch
3668,ordering
3669,deciding
3670,appetizers
3671,entrees
3672,antipasto
3673,america
3674,dumbest
3675,frankly
3676,arnold
3677,schwarzenegger
3678,upon
3679,broadway
3680,composers
3681,naan
3682,issue
3683,important
3684,saying
3685,fox
3686,chassing
3687,ok
3688,lid
3689,basket
3690,socialist
3691,whenever
3692,climbs
3693,drag
3694,banker
3695,cashew
3696,astronut
3697,chillies
3698,nosy
3699,digital
3700,dip
3701,poultry
3702,brownchichenbrowncow
3703,cousin
3704,pumpkin
3705,plump
3706,kin
3707,pope
3708,munchkins
3709,holy
3710,kgb
3711,wh
3712,questions
3713,necktarine
3714,coworker
3715,watson
3716,highest
3717,education
3718,dear
3719,descartes
3720,shopping
3721,amazon
3722,rthedonald
3723,maga
3724,carta
3725,hadnt
3726,properly
3727,flower
3728,orlando
3729,bloom
3730,peoples
3731,backs
3732,hipster
3733,burn
3734,lifeguard
3735,drowning
3736,maaan
3737,bladder
3738,urine
3739,cholera
3740,malaria
3741,jaundice
3742,saturday
3743,qwhat
3744,sleeps
3745,close
3746,relative
3747,napkin
3748,scary
3749,fractions
3750,henry
3751,iscream
3752,vegas
3753,clucky
3754,swear
3755,pull
3756,whole
3757,overweight
3758,diet
3759,forthgrader
3760,bus
3761,return
3762,bob
3763,government
3764,official
3765,duke
3766,windsor
3767,servant
3768,fourin
3769,foreignhand
3770,distance
3771,hares
3772,convention
3773,isils
3774,dessert
3775,terrormisu
3776,jooooke
3777,runny
3778,tripped
3779,boogered
3780,dreams
3781,marry
3782,cavator
3783,excavator
3784,strawberry
3785,bend
3786,raise
3787,fences
3788,graveyards
3789,dying
3790,eskimo
3791,abcs
3792,jesus
3793,tornado
3794,act
3795,blonde
3796,accidents
3797,happen
3798,within
3799,moved
3800,girltree
3801,sappy
3802,seafood
3803,pulled
3804,mussel
3805,filling
3806,browsing
3807,eyore
3808,babys
3809,supereyore
3810,camembert
3811,traditional
3812,benedict
3813,hubcap
3814,chrome
3815,deepsea
3816,scuba
3817,doo
3818,operation
3819,sturgeon
3820,format
3821,essay
3822,justified
3823,starcraft
3824,marine
3825,vote
3826,dragoon
3827,protoss
3828,trunks
3829,engagement
3830,dayton
3831,marion
3832,ireland
3833,richest
3834,capital
3835,corsica
3836,misled
3837,fourth
3838,liters
3839,pi
3840,ss
3841,wwii
3842,shepherd
3843,nuremberg
3844,trial
3845,following
3846,odors
3847,moostard
3848,psychologist
3849,fodder
3850,complex
3851,buffet
3852,george
3853,washingtons
3854,lielacs
3855,avoid
3856,dressed
3857,celery
3858,stalking
3859,nitric
3860,oxide
3861,strongest
3862,brings
3863,rice
3864,porridge
3865,congeegal
3866,exist
3867,fo
3868,tennessee
3869,arkansas
3870,elbow
3871,grease
3872,combis
3873,combi
3874,whiskey
3875,wild
3876,twerky
3877,hunter
3878,warden
3879,poached
3880,atm
3881,older
3882,balance
3883,pushed
3884,atheist
3885,bone
3886,blasfemur
3887,oneofakind
3888,calm
3889,tame
3890,smiths
3891,responding
3892,refresh
3893,bel
3894,electrician
3895,watts
3896,americans
3897,brazilian
3898,coat
3899,bra
3900,booby
3901,trap
3902,loneliest
3903,provalone
3904,slow
3905,twinkie
3906,own
3907,safety
3908,sharp
3909,belgium
3910,goals
3911,germany
3912,score
3913,trunk
3914,guns
3915,payed
3916,cheque
3917,sheeps
3918,twobaaas
3919,greek
3920,lounge
3921,singer
3922,sriracha
3923,chloroform
3924,conversational
3925,reagent
3926,automatics
3927,shiftless
3928,climbing
3929,notes
3930,cheapest
3931,club
3932,yolks
3933,juan
3934,jamaal
3935,signature
3936,twisted
3937,strips
3938,bother
3939,apologize
3940,swallow
3941,uh
3942,greg
3943,bacteria
3944,microscope
3945,cans
3946,massive
3947,vowel
3948,movement
3949,borscht
3950,fine
3951,bros
3952,announcement
3953,television
3954,antenna
3955,bees
3956,boobies
3957,grill
3958,donkey
3959,tongs
3960,traveler
3961,bake
3962,toast
3963,imaginary
3964,hated
3965,hell
3966,provolone
3967,helping
3968,typist
3969,shift
3970,kickstand
3971,ohmygoodness
3972,hilarious
3973,goldfish
3974,sign
3975,noah
3976,civilized
3977,society
3978,anarcist
3979,baa
3980,spaceman
3981,insist
3982,hillary
3983,clinton
3984,secretary
3985,believe
3986,frisbee
3987,bigger
3988,suspense
3989,nightmares
3990,charles
3991,martini
3992,er
3993,twist
3994,punchline
3995,ruining
3996,polar
3997,ginand
3998,tonic
3999,pause
4000,mom
4001,toy
4002,chucky
4003,responded
4004,nah
4005,childs
4006,clouds
4007,thunderpants
4008,ssd
4009,patriot
4010,blaze
4011,drummer
4012,httpimgurcompkibj
4013,shear
4014,coincidence
4015,thesis
4016,lotr
4017,themed
4018,defense
4019,sauron
4020,titled
4021,mordor
4022,bumblegee
4023,mrs
4024,ouch
4025,scale
4026,decide
4027,scam
4028,heavier
4029,novels
4030,cons
4031,outweighed
4032,prose
4033,recordings
4034,performed
4035,cover
4036,bands
4037,cheddar
4038,photos
4039,coop
4040,note
4041,slim
4042,conditioned
4043,atheists
4044,deforestation
4045,brazillionaire
4046,marios
4047,lets
4048,joseph
4049,discriminate
4050,achoo
4051,hope
4052,videos
4053,httpswwwyoutubecomwatchvkntatqhxm
4054,stocked
4055,cooler
4056,beurre
4057,ridiculously
4058,pleased
4059,chandelier
4060,sleeper
4061,spoon
4062,fork
4063,civilwar
4064,grandma
4065,refused
4066,organ
4067,donor
4068,musical
4069,instruments
4070,dig
4071,deep
4072,burial
4073,chamber
4074,moosoleum
4075,mints
4076,eating
4077,mint
4078,chocolates
4079,burger
4080,middleclass
4081,al
4082,dente
4083,jimmy
4084,carr
4085,waiting
4086,someday
4087,concrete
4088,bucket
4089,gallon
4090,soldier
4091,sprinkled
4092,seasoned
4093,veteran
4094,gerber
4095,atlantic
4096,titanic
4097,halfway
4098,trips
4099,push
4100,stationery
4101,foreign
4102,nightly
4103,mistakes
4104,advanced
4105,vacuum
4106,cleaner
4107,months
4108,gathering
4109,mainstream
4110,ramjokes
4111,pasture
4112,bedtimehttpwwwredditcomramjokescommentsydwhatdidthemamacowsaytothebabycow
4113,marries
4114,creepy
4115,mold
4116,atom
4117,goose
4118,bite
4119,mittens
4120,bitter
4121,worth
4122,decaf
4123,elephino
4124,understanding
4125,financial
4126,greece
4127,porky
4128,asleep
4129,foreman
4130,boars
4131,boards
4132,spicy
4133,acha
4134,nantucket
4135,spill
4136,salons
4137,tentickles
4138,clooney
4139,itunes
4140,playlist
4141,tunes
4142,clairvoyants
4143,cancelled
4144,unforeseen
4145,events
4146,request
4147,includes
4148,july
4149,communist
4150,propaganda
4151,film
4152,co
4153,holds
4154,bowls
4155,suspoonders
4156,funerals
4157,early
4158,mourning
4159,breed
4160,frostbite
4161,laziest
4162,g
4163,lethargy
4164,fryday
4165,knob
4166,lock
4167,indeed
4168,shout
4169,strikes
4170,bulbs
4171,reporters
4172,scoop
4173,refrigerator
4174,drugs
4175,stamp
4176,collector
4177,hostess
4178,philately
4179,nowhere
4180,personally
4181,hoes
4182,homiehoestasis
4183,fix
4184,patch
4185,dads
4186,alcoholic
4187,collects
4188,bottles
4189,stewart
4190,francis
4191,conflict
4192,avoided
4193,completely
4194,architects
4195,towns
4196,rabbyte
4197,bacterias
4198,petri
4199,productive
4200,china
4201,carry
4202,tissues
4203,boooogers
4204,pretzels
4205,suns
4206,starburst
4207,operator
4208,flatterer
4209,gordon
4210,ramsey
4211,confuse
4212,loco
4213,motives
4214,casinos
4215,africa
4216,laughed
4217,comedian
4218,shutdown
4219,archeologists
4220,abcdefghijklmopqrstuvwxy
4221,baroque
4222,brass
4223,tom
4224,trombones
4225,wise
4226,myrrhder
4227,fbi
4228,agent
4229,pteredacted
4230,atoms
4231,followed
4232,poorly
4233,tricycle
4234,dessed
4235,aw
4236,lather
4237,file
4238,report
4239,mugged
4240,eclipse
4241,burglar
4242,intruder
4243,chimps
4244,ooh
4245,oooh
4246,eek
4247,duckerate
4248,interrupting
4249,interrup
4250,moooooooooooooooo
4251,irlspoiler
4252,di
4253,puddle
4254,supremacist
4255,vegitaryan
4256,plum
4257,accountants
4258,noisy
4259,howling
4260,dough
4261,yeast
4262,infection
4263,sioux
4264,maker
4265,headphones
4266,planes
4267,teas
4268,poem
4269,valentines
4270,roses
4271,poppies
4272,grass
4273,yard
4274,pikachu
4275,poke
4276,brains
4277,angels
4278,lightly
4279,chesterton
4280,terminator
4281,spend
4282,wifight
4283,capitalize
4284,opportunity
4285,soccer
4286,kick
4287,watering
4288,spray
4289,castanet
4290,plastic
4291,lambinated
4292,thinner
4293,removed
4294,injured
4295,bottomfeeders
4296,stallion
4297,mare
4298,ironic
4299,paradox
4300,kansas
4301,vulture
4302,carrion
4303,wayward
4304,raping
4305,romanian
4306,scanthesku
4307,horned
4308,bovines
4309,aurochnophobia
4310,texan
4311,recommend
4312,mullet
4313,gandhi
4314,measure
4315,resistance
4316,oooooohms
4317,kim
4318,jong
4319,un
4320,todays
4321,aint
4322,seoul
4323,cloth
4324,ltblank
4325,staregt
4326,cheep
4327,turnip
4328,funeral
4329,librarians
4330,shhh
4331,related
4332,superhuman
4333,frozone
4334,boots
4335,object
4336,attila
4337,hun
4338,brush
4339,comb
4340,possibly
4341,describe
4342,fruits
4343,pears
4344,upholstery
4345,fully
4346,recovered
4347,morons
4348,whose
4349,fail
4350,test
4351,crashing
4352,earthquake
4353,drug
4354,dealer
4355,tripping
4356,amazing
4357,hospitalized
4358,hopefully
4359,serious
4360,send
4361,listen
4362,percussion
4363,section
4364,understood
4365,mumblebee
4366,botox
4367,borax
4368,broom
4369,dustpan
4370,fancy
4371,tortoise
4372,michelle
4373,articles
4374,based
4375,technology
4376,waaaay
4377,criticize
4378,pilaf
4379,triangle
4380,earlier
4381,pardon
4382,pink
4383,fluffy
4384,fluff
4385,sam
4386,alllllllllmondhttpswwwyoutubecomwatchvfbztkngvoampfeatureyoutubeampts
4387,koala
4388,calip
4389,sandwiches
4390,koldcutta
4391,sumos
4392,chummy
4393,racecar
4394,shaving
4395,madness
4396,means
4397,tumor
4398,doll
4399,cake
4400,fried
4401,stake
4402,positive
4403,beep
4404,boop
4405,bop
4406,birthday
4407,thuglife
4408,kangaroo
4409,molasses
4410,goo
4411,roo
4412,minded
4413,forty
4414,rung
4415,bonaparte
4416,socrates
4417,trex
4418,dino
4419,webbed
4420,burning
4421,advocates
4422,environment
4423,various
4424,stringed
4425,appalled
4426,amount
4427,sects
4428,violins
4429,mouse
4430,cookie
4431,giving
4432,unsanitary
4433,gas
4434,sit
4435,pew
4436,personal
4437,trainer
4438,squats
4439,beak
4440,belly
4441,heck
4442,pickles
4443,vlasic
4444,crows
4445,attempted
4446,stalks
4447,crop
4448,scientific
4449,crippled
4450,tyrannosaurus
4451,tywalkasoreus
4452,pf
4453,culture
4454,peaceful
4455,nomads
4456,impatient
4457,libyans
4458,dinar
4459,pteranodon
4460,brewmaster
4461,beers
4462,hops
4463,reggae
4464,marley
4465,whalers
4466,mistletoe
4467,rich
4468,hollywood
4469,horrorble
4470,robin
4471,pineapple
4472,refuse
4473,novocaine
4474,transcend
4475,medication
4476,article
4477,accidental
4478,oncebut
4479,denial
4480,included
4481,hawk
4482,ledge
4483,falcony
4484,policeman
4485,nipples
4486,talked
4487,chromosomes
4488,typical
4489,solve
4490,barbarian
4491,invisigoth
4492,kelp
4493,wantads
4494,roundest
4495,arthurs
4496,canes
4497,snails
4498,jedi
4499,tragic
4500,loss
4501,thoughts
4502,alien
4503,swamp
4504,marshian
4505,saved
4506,intervention
4507,opening
4508,worker
4509,snap
4510,rap
4511,champion
4512,spacious
4513,accessible
4514,lies
4515,twitches
4516,nervous
4517,wreck
4518,feed
4519,lemons
4520,real
4521,sour
4522,puss
4523,dryer
4524,steamed
4525,began
4526,wonder
4527,mad
4528,points
4529,rubbertoe
4530,ultimate
4531,firefly
4532,fallen
4533,giddy
4534,steamroll
4535,flatman
4536,ribbon
4537,fathers
4538,approval
4539,reisens
4540,finished
4541,proofing
4542,graaaaains
4543,schooner
4544,engage
4545,rudder
4546,nonsense
4547,butched
4548,ash
4549,bless
4550,singing
4551,dell
4552,sank
4553,county
4554,cork
4555,bakery
4556,superhero
4557,grater
4558,product
4559,lucifer
4560,arcanegel
4561,overheard
4562,augustus
4563,caesar
4564,writing
4565,bc
4566,flippin
4567,burnt
4568,build
4569,igloos
4570,silento
4571,isss
4572,noodles
4573,nails
4574,spagetti
4575,subwoofer
4576,wedge
4577,guysgals
4578,neeiiigghh
4579,face
4580,answers
4581,layoffs
4582,novocain
4583,selfdeprecating
4584,worried
4585,modest
4586,protractor
4587,software
4588,loaded
4589,journey
4590,ahem
4591,claws
4592,clause
4593,pieces
4594,bound
4595,fold
4596,hutus
4597,dustin
4598,hoffman
4599,impersonated
4600,tootsie
4601,grayvy
4602,angle
4603,saloon
4604,slides
4605,announces
4606,shot
4607,paw
4608,unwritten
4609,rules
4610,coup
4611,sly
4612,sheared
4613,terror
4614,ya
4615,java
4616,developers
4617,emotional
4618,tiers
4619,fodrizzle
4620,humps
4621,humphrey
4622,backward
4623,<unk>
